t_sec,phase,bx_cmd,vN_cmd_raw,vE_cmd_raw,vD_cmd_raw,vN_sp,vE_sp,vD_sp,x,y,z,vx_m,vy_m,vz_m,wx_m,wy_m,wz_m,ax_m,ay_m,az_m,odom_age_s,armed,preflight_ok,qw,qx,qy,qz
0.046823,prestream,0.000000,0.000000,0.000000,0.000000,0.000000,0.000000,0.000000,,,,,,,,,,,,,999.000,0,0,1.00000000,0.00000000,0.00000000,0.00000000
0.057822,prestream,0.000000,0.000000,0.000000,0.000000,0.000000,0.000000,0.000000,,,,,,,,,,,,,999.000,0,0,1.00000000,0.00000000,0.00000000,0.00000000
0.077850,prestream,0.000000,0.000000,0.000000,0.000000,0.000000,0.000000,0.000000,,,,,,,,,,,,,999.000,0,0,1.00000000,0.00000000,0.00000000,0.00000000
0.099580,prestream,0.000000,0.000000,0.000000,0.000000,0.000000,0.000000,0.000000,,,,,,,,,,,,,999.000,0,0,1.00000000,0.00000000,0.00000000,0.00000000
0.117752,prestream,0.000000,0.000000,0.000000,0.000000,0.000000,0.000000,0.000000,,,,,,,,,,,,,999.000,0,0,1.00000000,0.00000000,0.00000000,0.00000000
0.137848,prestream,0.000000,0.000000,0.000000,0.000000,0.000000,0.000000,0.000000,,,,,,,,,,,,,999.000,0,0,1.00000000,0.00000000,0.00000000,0.00000000
0.158606,prestream,0.000000,0.000000,0.000000,0.000000,0.000000,0.000000,0.000000,,,,,,,,,,,,,999.000,0,0,1.00000000,0.00000000,0.00000000,0.00000000
0.178549,prestream,0.000000,0.000000,0.000000,0.000000,0.000000,0.000000,0.000000,,,,,,,,,,,,,999.000,0,0,1.00000000,0.00000000,0.00000000,0.00000000
0.198462,prestream,0.000000,0.000000,0.000000,0.000000,0.000000,0.000000,0.000000,,,,,,,,,,,,,999.000,0,0,1.00000000,0.00000000,0.00000000,0.00000000
0.218374,prestream,0.000000,0.000000,0.000000,0.000000,0.000000,0.000000,0.000000,,,,,,,,,,,,,999.000,0,0,1.00000000,0.00000000,0.00000000,0.00000000
0.238619,prestream,0.000000,0.000000,0.000000,0.000000,0.000000,0.000000,0.000000,,,,,,,,,,,,,999.000,0,0,1.00000000,0.00000000,0.00000000,0.00000000
0.258567,prestream,0.000000,0.000000,0.000000,0.000000,0.000000,0.000000,0.000000,,,,,,,,,,,,,999.000,0,0,1.00000000,0.00000000,0.00000000,0.00000000
0.278552,prestream,0.000000,0.000000,0.000000,0.000000,0.000000,0.000000,0.000000,,,,,,,,,,,,,999.000,0,0,1.00000000,0.00000000,0.00000000,0.00000000
0.298592,prestream,0.000000,0.000000,0.000000,0.000000,0.000000,0.000000,0.000000,,,,,,,,,,,,,999.000,0,0,1.00000000,0.00000000,0.00000000,0.00000000
0.318581,prestream,0.000000,0.000000,0.000000,0.000000,0.000000,0.000000,0.000000,,,,,,,,,,,,,999.000,0,0,1.00000000,0.00000000,0.00000000,0.00000000
0.338537,prestream,0.000000,0.000000,0.000000,0.000000,0.000000,0.000000,0.000000,,,,,,,,,,,,,999.000,0,0,1.00000000,0.00000000,0.00000000,0.00000000
0.358980,prestream,0.000000,0.000000,0.000000,0.000000,0.000000,0.000000,0.000000,,,,,,,,,,,,,999.000,0,0,1.00000000,0.00000000,0.00000000,0.00000000
0.379097,prestream,0.000000,0.000000,0.000000,0.000000,0.000000,0.000000,0.000000,,,,,,,,,,,,,999.000,0,0,1.00000000,0.00000000,0.00000000,0.00000000
0.398439,prestream,0.000000,0.000000,0.000000,0.000000,0.000000,0.000000,0.000000,,,,,,,,,,,,,999.000,0,0,1.00000000,0.00000000,0.00000000,0.00000000
0.418467,prestream,0.000000,0.000000,0.000000,0.000000,0.000000,0.000000,0.000000,,,,,,,,,,,,,999.000,0,0,1.00000000,0.00000000,0.00000000,0.00000000
0.438405,prestream,0.000000,0.000000,0.000000,0.000000,0.000000,0.000000,0.000000,,,,,,,,,,,,,999.000,0,0,1.00000000,0.00000000,0.00000000,0.00000000
0.458386,prestream,0.000000,0.000000,0.000000,0.000000,0.000000,0.000000,0.000000,,,,,,,,,,,,,999.000,0,0,1.00000000,0.00000000,0.00000000,0.00000000
0.478355,prestream,0.000000,0.000000,0.000000,0.000000,0.000000,0.000000,0.000000,,,,,,,,,,,,,999.000,0,0,1.00000000,0.00000000,0.00000000,0.00000000
0.498636,prestream,0.000000,0.000000,0.000000,0.000000,0.000000,0.000000,0.000000,,,,,,,,,,,,,999.000,0,0,1.00000000,0.00000000,0.00000000,0.00000000
0.518431,prestream,0.000000,0.000000,0.000000,0.000000,0.000000,0.000000,0.000000,,,,,,,,,,,,,999.000,0,0,1.00000000,0.00000000,0.00000000,0.00000000
0.538395,prestream,0.000000,0.000000,0.000000,0.000000,0.000000,0.000000,0.000000,,,,,,,,,,,,,999.000,0,0,1.00000000,0.00000000,0.00000000,0.00000000
0.558587,prestream,0.000000,0.000000,0.000000,0.000000,0.000000,0.000000,0.000000,,,,,,,,,,,,,999.000,0,0,1.00000000,0.00000000,0.00000000,0.00000000
0.578519,prestream,0.000000,0.000000,0.000000,0.000000,0.000000,0.000000,0.000000,,,,,,,,,,,,,999.000,0,0,1.00000000,0.00000000,0.00000000,0.00000000
0.598536,prestream,0.000000,0.000000,0.000000,0.000000,0.000000,0.000000,0.000000,,,,,,,,,,,,,999.000,0,0,1.00000000,0.00000000,0.00000000,0.00000000
0.618380,prestream,0.000000,0.000000,0.000000,0.000000,0.000000,0.000000,0.000000,,,,,,,,,,,,,999.000,0,0,1.00000000,0.00000000,0.00000000,0.00000000
0.639410,prestream,0.000000,0.000000,0.000000,0.000000,0.000000,0.000000,0.000000,,,,,,,,,,,,,999.000,0,0,1.00000000,0.00000000,0.00000000,0.00000000
0.658473,prestream,0.000000,0.000000,0.000000,0.000000,0.000000,0.000000,0.000000,,,,,,,,,,,,,999.000,0,0,1.00000000,0.00000000,0.00000000,0.00000000
0.678365,prestream,0.000000,0.000000,0.000000,0.000000,0.000000,0.000000,0.000000,,,,,,,,,,,,,999.000,0,0,1.00000000,0.00000000,0.00000000,0.00000000
0.698849,prestream,0.000000,0.000000,0.000000,0.000000,0.000000,0.000000,0.000000,,,,,,,,,,,,,999.000,0,0,1.00000000,0.00000000,0.00000000,0.00000000
0.718317,prestream,0.000000,0.000000,0.000000,0.000000,0.000000,0.000000,0.000000,,,,,,,,,,,,,999.000,0,0,1.00000000,0.00000000,0.00000000,0.00000000
0.738382,prestream,0.000000,0.000000,0.000000,0.000000,0.000000,0.000000,0.000000,,,,,,,,,,,,,999.000,0,0,1.00000000,0.00000000,0.00000000,0.00000000
0.758577,prestream,0.000000,0.000000,0.000000,0.000000,0.000000,0.000000,0.000000,,,,,,,,,,,,,999.000,0,0,1.00000000,0.00000000,0.00000000,0.00000000
0.778656,prestream,0.000000,0.000000,0.000000,0.000000,0.000000,0.000000,0.000000,,,,,,,,,,,,,999.000,0,0,1.00000000,0.00000000,0.00000000,0.00000000
0.798613,prestream,0.000000,0.000000,0.000000,0.000000,0.000000,0.000000,0.000000,,,,,,,,,,,,,999.000,0,0,1.00000000,0.00000000,0.00000000,0.00000000
0.818443,prestream,0.000000,0.000000,0.000000,0.000000,0.000000,0.000000,0.000000,,,,,,,,,,,,,999.000,0,0,1.00000000,0.00000000,0.00000000,0.00000000
0.838477,prestream,0.000000,0.000000,0.000000,0.000000,0.000000,0.000000,0.000000,,,,,,,,,,,,,999.000,0,0,1.00000000,0.00000000,0.00000000,0.00000000
0.858845,prestream,0.000000,0.000000,0.000000,0.000000,0.000000,0.000000,0.000000,,,,,,,,,,,,,999.000,0,0,1.00000000,0.00000000,0.00000000,0.00000000
0.878433,prestream,0.000000,0.000000,0.000000,0.000000,0.000000,0.000000,0.000000,,,,,,,,,,,,,999.000,0,0,1.00000000,0.00000000,0.00000000,0.00000000
0.898569,prestream,0.000000,0.000000,0.000000,0.000000,0.000000,0.000000,0.000000,,,,,,,,,,,,,999.000,0,0,1.00000000,0.00000000,0.00000000,0.00000000
0.918354,prestream,0.000000,0.000000,0.000000,0.000000,0.000000,0.000000,0.000000,,,,,,,,,,,,,999.000,0,0,1.00000000,0.00000000,0.00000000,0.00000000
0.938553,prestream,0.000000,0.000000,0.000000,0.000000,0.000000,0.000000,0.000000,,,,,,,,,,,,,999.000,0,0,1.00000000,0.00000000,0.00000000,0.00000000
0.958550,prestream,0.000000,0.000000,0.000000,0.000000,0.000000,0.000000,0.000000,,,,,,,,,,,,,999.000,0,0,1.00000000,0.00000000,0.00000000,0.00000000
0.978434,prestream,0.000000,0.000000,0.000000,0.000000,0.000000,0.000000,0.000000,,,,,,,,,,,,,999.000,0,0,1.00000000,0.00000000,0.00000000,0.00000000
0.998414,prestream,0.000000,0.000000,0.000000,0.000000,0.000000,0.000000,0.000000,,,,,,,,,,,,,999.000,0,0,1.00000000,0.00000000,0.00000000,0.00000000
1.018305,waiting_topics,0.000000,0.000000,0.000000,0.000000,0.000000,0.000000,0.000000,,,,,,,,,,,,,999.000,0,0,1.00000000,0.00000000,0.00000000,0.00000000
1.038622,waiting_topics,0.000000,0.000000,0.000000,0.000000,0.000000,0.000000,0.000000,,,,,,,,,,,,,999.000,0,0,1.00000000,0.00000000,0.00000000,0.00000000
1.058446,waiting_topics,0.000000,0.000000,0.000000,0.000000,0.000000,0.000000,0.000000,,,,,,,,,,,,,999.000,0,0,1.00000000,0.00000000,0.00000000,0.00000000
1.078504,waiting_topics,0.000000,0.000000,0.000000,0.000000,0.000000,0.000000,0.000000,,,,,,,,,,,,,999.000,0,0,1.00000000,0.00000000,0.00000000,0.00000000
1.098565,waiting_topics,0.000000,0.000000,0.000000,0.000000,0.000000,0.000000,0.000000,,,,,,,,,,,,,999.000,0,0,1.00000000,0.00000000,0.00000000,0.00000000
1.118423,waiting_topics,0.000000,0.000000,0.000000,0.000000,0.000000,0.000000,0.000000,,,,,,,,,,,,,999.000,0,0,1.00000000,0.00000000,0.00000000,0.00000000
1.138474,waiting_topics,0.000000,0.000000,0.000000,0.000000,0.000000,0.000000,0.000000,,,,,,,,,,,,,999.000,0,0,1.00000000,0.00000000,0.00000000,0.00000000
1.158616,waiting_topics,0.000000,0.000000,0.000000,0.000000,0.000000,0.000000,0.000000,,,,,,,,,,,,,999.000,0,0,1.00000000,0.00000000,0.00000000,0.00000000
1.178583,waiting_topics,0.000000,0.000000,0.000000,0.000000,0.000000,0.000000,0.000000,,,,,,,,,,,,,999.000,0,0,1.00000000,0.00000000,0.00000000,0.00000000
1.198585,waiting_topics,0.000000,0.000000,0.000000,0.000000,0.000000,0.000000,0.000000,,,,,,,,,,,,,999.000,0,0,1.00000000,0.00000000,0.00000000,0.00000000
1.218796,waiting_topics,0.000000,0.000000,0.000000,0.000000,0.000000,0.000000,0.000000,,,,,,,,,,,,,999.000,0,0,1.00000000,0.00000000,0.00000000,0.00000000
1.238935,waiting_topics,0.000000,0.000000,0.000000,0.000000,0.000000,0.000000,0.000000,,,,,,,,,,,,,999.000,0,0,1.00000000,0.00000000,0.00000000,0.00000000
1.258651,waiting_topics,0.000000,0.000000,0.000000,0.000000,0.000000,0.000000,0.000000,,,,,,,,,,,,,999.000,0,0,1.00000000,0.00000000,0.00000000,0.00000000
1.278545,waiting_topics,0.000000,0.000000,0.000000,0.000000,0.000000,0.000000,0.000000,,,,,,,,,,,,,999.000,0,0,1.00000000,0.00000000,0.00000000,0.00000000
1.298598,waiting_topics,0.000000,0.000000,0.000000,0.000000,0.000000,0.000000,0.000000,,,,,,,,,,,,,999.000,0,0,1.00000000,0.00000000,0.00000000,0.00000000
1.318402,waiting_topics,0.000000,0.000000,0.000000,0.000000,0.000000,0.000000,0.000000,,,,,,,,,,,,,999.000,0,0,1.00000000,0.00000000,0.00000000,0.00000000
1.338418,waiting_topics,0.000000,0.000000,0.000000,0.000000,0.000000,0.000000,0.000000,,,,,,,,,,,,,999.000,0,0,1.00000000,0.00000000,0.00000000,0.00000000
1.358522,waiting_topics,0.000000,0.000000,0.000000,0.000000,0.000000,0.000000,0.000000,,,,,,,,,,,,,999.000,0,0,1.00000000,0.00000000,0.00000000,0.00000000
1.378653,waiting_topics,0.000000,0.000000,0.000000,0.000000,0.000000,0.000000,0.000000,,,,,,,,,,,,,999.000,0,0,1.00000000,0.00000000,0.00000000,0.00000000
1.398582,waiting_topics,0.000000,0.000000,0.000000,0.000000,0.000000,0.000000,0.000000,,,,,,,,,,,,,999.000,0,0,1.00000000,0.00000000,0.00000000,0.00000000
1.418706,waiting_topics,0.000000,0.000000,0.000000,0.000000,0.000000,0.000000,0.000000,,,,,,,,,,,,,999.000,0,0,1.00000000,0.00000000,0.00000000,0.00000000
1.438739,waiting_topics,0.000000,0.000000,0.000000,0.000000,0.000000,0.000000,0.000000,,,,,,,,,,,,,999.000,0,0,1.00000000,0.00000000,0.00000000,0.00000000
1.458872,waiting_topics,0.000000,0.000000,0.000000,0.000000,0.000000,0.000000,0.000000,,,,,,,,,,,,,999.000,0,0,1.00000000,0.00000000,0.00000000,0.00000000
1.479208,waiting_topics,0.000000,0.000000,0.000000,0.000000,0.000000,0.000000,0.000000,,,,,,,,,,,,,999.000,0,0,1.00000000,0.00000000,0.00000000,0.00000000
1.498458,waiting_topics,0.000000,0.000000,0.000000,0.000000,0.000000,0.000000,0.000000,,,,,,,,,,,,,999.000,0,0,1.00000000,0.00000000,0.00000000,0.00000000
1.518729,waiting_topics,0.000000,0.000000,0.000000,0.000000,0.000000,0.000000,0.000000,,,,,,,,,,,,,999.000,0,0,1.00000000,0.00000000,0.00000000,0.00000000
1.538655,waiting_topics,0.000000,0.000000,0.000000,0.000000,0.000000,0.000000,0.000000,,,,,,,,,,,,,999.000,0,0,1.00000000,0.00000000,0.00000000,0.00000000
1.558582,waiting_topics,0.000000,0.000000,0.000000,0.000000,0.000000,0.000000,0.000000,,,,,,,,,,,,,999.000,0,0,1.00000000,0.00000000,0.00000000,0.00000000
1.578712,waiting_topics,0.000000,0.000000,0.000000,0.000000,0.000000,0.000000,0.000000,,,,,,,,,,,,,999.000,0,0,1.00000000,0.00000000,0.00000000,0.00000000
1.599267,waiting_topics,0.000000,0.000000,0.000000,0.000000,0.000000,0.000000,0.000000,,,,,,,,,,,,,999.000,0,0,1.00000000,0.00000000,0.00000000,0.00000000
1.619212,waiting_topics,0.000000,0.000000,0.000000,0.000000,0.000000,0.000000,0.000000,,,,,,,,,,,,,999.000,0,0,1.00000000,0.00000000,0.00000000,0.00000000
1.639468,waiting_topics,0.000000,0.000000,0.000000,0.000000,0.000000,0.000000,0.000000,,,,,,,,,,,,,999.000,0,0,1.00000000,0.00000000,0.00000000,0.00000000
1.658783,waiting_topics,0.000000,0.000000,0.000000,0.000000,0.000000,0.000000,0.000000,,,,,,,,,,,,,999.000,0,0,1.00000000,0.00000000,0.00000000,0.00000000
1.678852,waiting_topics,0.000000,0.000000,0.000000,0.000000,0.000000,0.000000,0.000000,,,,,,,,,,,,,999.000,0,0,1.00000000,0.00000000,0.00000000,0.00000000
1.698931,waiting_topics,0.000000,0.000000,0.000000,0.000000,0.000000,0.000000,0.000000,,,,,,,,,,,,,999.000,0,0,1.00000000,0.00000000,0.00000000,0.00000000
1.718789,waiting_topics,0.000000,0.000000,0.000000,0.000000,0.000000,0.000000,0.000000,,,,,,,,,,,,,999.000,0,0,1.00000000,0.00000000,0.00000000,0.00000000
1.738376,waiting_topics,0.000000,0.000000,0.000000,0.000000,0.000000,0.000000,0.000000,,,,,,,,,,,,,999.000,0,0,1.00000000,0.00000000,0.00000000,0.00000000
1.758574,waiting_topics,0.000000,0.000000,0.000000,0.000000,0.000000,0.000000,0.000000,,,,,,,,,,,,,999.000,0,0,1.00000000,0.00000000,0.00000000,0.00000000
1.779021,waiting_topics,0.000000,0.000000,0.000000,0.000000,0.000000,0.000000,0.000000,,,,,,,,,,,,,999.000,0,0,1.00000000,0.00000000,0.00000000,0.00000000
1.799024,waiting_topics,0.000000,0.000000,0.000000,0.000000,0.000000,0.000000,0.000000,,,,,,,,,,,,,999.000,0,0,1.00000000,0.00000000,0.00000000,0.00000000
1.818745,waiting_topics,0.000000,0.000000,0.000000,0.000000,0.000000,0.000000,0.000000,,,,,,,,,,,,,999.000,0,0,1.00000000,0.00000000,0.00000000,0.00000000
1.838755,waiting_topics,0.000000,0.000000,0.000000,0.000000,0.000000,0.000000,0.000000,,,,,,,,,,,,,999.000,0,0,1.00000000,0.00000000,0.00000000,0.00000000
1.858911,waiting_topics,0.000000,0.000000,0.000000,0.000000,0.000000,0.000000,0.000000,,,,,,,,,,,,,999.000,0,0,1.00000000,0.00000000,0.00000000,0.00000000
1.878610,waiting_topics,0.000000,0.000000,0.000000,0.000000,0.000000,0.000000,0.000000,,,,,,,,,,,,,999.000,0,0,1.00000000,0.00000000,0.00000000,0.00000000
1.898431,waiting_topics,0.000000,0.000000,0.000000,0.000000,0.000000,0.000000,0.000000,,,,,,,,,,,,,999.000,0,0,1.00000000,0.00000000,0.00000000,0.00000000
1.918113,waiting_topics,0.000000,0.000000,0.000000,0.000000,0.000000,0.000000,0.000000,,,,,,,,,,,,,999.000,0,0,1.00000000,0.00000000,0.00000000,0.00000000
1.938345,waiting_topics,0.000000,0.000000,0.000000,0.000000,0.000000,0.000000,0.000000,,,,,,,,,,,,,999.000,0,0,1.00000000,0.00000000,0.00000000,0.00000000
1.958485,waiting_topics,0.000000,0.000000,0.000000,0.000000,0.000000,0.000000,0.000000,,,,,,,,,,,,,999.000,0,0,1.00000000,0.00000000,0.00000000,0.00000000
1.978489,waiting_topics,0.000000,0.000000,0.000000,0.000000,0.000000,0.000000,0.000000,,,,,,,,,,,,,999.000,0,0,1.00000000,0.00000000,0.00000000,0.00000000
1.998665,waiting_topics,0.000000,0.000000,0.000000,0.000000,0.000000,0.000000,0.000000,,,,,,,,,,,,,999.000,0,0,1.00000000,0.00000000,0.00000000,0.00000000
2.019266,waiting_topics,0.000000,0.000000,0.000000,0.000000,0.000000,0.000000,0.000000,,,,,,,,,,,,,999.000,0,0,1.00000000,0.00000000,0.00000000,0.00000000
2.038506,waiting_topics,0.000000,0.000000,0.000000,0.000000,0.000000,0.000000,0.000000,,,,,,,,,,,,,999.000,0,0,1.00000000,0.00000000,0.00000000,0.00000000
2.058613,waiting_topics,0.000000,0.000000,0.000000,0.000000,0.000000,0.000000,0.000000,,,,,,,,,,,,,999.000,0,0,1.00000000,0.00000000,0.00000000,0.00000000
2.078703,waiting_topics,0.000000,0.000000,0.000000,0.000000,0.000000,0.000000,0.000000,,,,,,,,,,,,,999.000,0,0,1.00000000,0.00000000,0.00000000,0.00000000
2.098526,waiting_topics,0.000000,0.000000,0.000000,0.000000,0.000000,0.000000,0.000000,,,,,,,,,,,,,999.000,0,0,1.00000000,0.00000000,0.00000000,0.00000000
2.119032,waiting_topics,0.000000,0.000000,0.000000,0.000000,0.000000,0.000000,0.000000,,,,,,,,,,,,,999.000,0,0,1.00000000,0.00000000,0.00000000,0.00000000
2.139020,waiting_topics,0.000000,0.000000,0.000000,0.000000,0.000000,0.000000,0.000000,,,,,,,,,,,,,999.000,0,0,1.00000000,0.00000000,0.00000000,0.00000000
2.158906,waiting_topics,0.000000,0.000000,0.000000,0.000000,0.000000,0.000000,0.000000,,,,,,,,,,,,,999.000,0,0,1.00000000,0.00000000,0.00000000,0.00000000
2.182745,waiting_topics,0.000000,0.000000,0.000000,0.000000,0.000000,0.000000,0.000000,,,,,,,,,,,,,999.000,0,0,1.00000000,0.00000000,0.00000000,0.00000000
2.199141,waiting_topics,0.000000,0.000000,0.000000,0.000000,0.000000,0.000000,0.000000,,,,,,,,,,,,,999.000,0,0,1.00000000,0.00000000,0.00000000,0.00000000
2.218539,waiting_topics,0.000000,0.000000,0.000000,0.000000,0.000000,0.000000,0.000000,,,,,,,,,,,,,999.000,0,0,1.00000000,0.00000000,0.00000000,0.00000000
2.238444,waiting_topics,0.000000,0.000000,0.000000,0.000000,0.000000,0.000000,0.000000,,,,,,,,,,,,,999.000,0,0,1.00000000,0.00000000,0.00000000,0.00000000
2.258744,waiting_topics,0.000000,0.000000,0.000000,0.000000,0.000000,0.000000,0.000000,,,,,,,,,,,,,999.000,0,0,1.00000000,0.00000000,0.00000000,0.00000000
2.278936,waiting_topics,0.000000,0.000000,0.000000,0.000000,0.000000,0.000000,0.000000,,,,,,,,,,,,,999.000,0,0,1.00000000,0.00000000,0.00000000,0.00000000
2.298517,waiting_topics,0.000000,0.000000,0.000000,0.000000,0.000000,0.000000,0.000000,,,,,,,,,,,,,999.000,0,0,1.00000000,0.00000000,0.00000000,0.00000000
2.318689,waiting_topics,0.000000,0.000000,0.000000,0.000000,0.000000,0.000000,0.000000,,,,,,,,,,,,,999.000,0,0,1.00000000,0.00000000,0.00000000,0.00000000
2.338526,waiting_topics,0.000000,0.000000,0.000000,0.000000,0.000000,0.000000,0.000000,,,,,,,,,,,,,999.000,0,0,1.00000000,0.00000000,0.00000000,0.00000000
2.359480,waiting_topics,0.000000,0.000000,0.000000,0.000000,0.000000,0.000000,0.000000,,,,,,,,,,,,,999.000,0,0,1.00000000,0.00000000,0.00000000,0.00000000
2.378826,waiting_topics,0.000000,0.000000,0.000000,0.000000,0.000000,0.000000,0.000000,,,,,,,,,,,,,999.000,0,0,1.00000000,0.00000000,0.00000000,0.00000000
2.398912,waiting_topics,0.000000,0.000000,0.000000,0.000000,0.000000,0.000000,0.000000,,,,,,,,,,,,,999.000,0,0,1.00000000,0.00000000,0.00000000,0.00000000
2.418706,waiting_topics,0.000000,0.000000,0.000000,0.000000,0.000000,0.000000,0.000000,,,,,,,,,,,,,999.000,0,0,1.00000000,0.00000000,0.00000000,0.00000000
2.438638,waiting_topics,0.000000,0.000000,0.000000,0.000000,0.000000,0.000000,0.000000,,,,,,,,,,,,,999.000,0,0,1.00000000,0.00000000,0.00000000,0.00000000
2.458563,waiting_topics,0.000000,0.000000,0.000000,0.000000,0.000000,0.000000,0.000000,,,,,,,,,,,,,999.000,0,0,1.00000000,0.00000000,0.00000000,0.00000000
2.478493,waiting_topics,0.000000,0.000000,0.000000,0.000000,0.000000,0.000000,0.000000,,,,,,,,,,,,,999.000,0,0,1.00000000,0.00000000,0.00000000,0.00000000
2.498567,waiting_topics,0.000000,0.000000,0.000000,0.000000,0.000000,0.000000,0.000000,,,,,,,,,,,,,999.000,0,0,1.00000000,0.00000000,0.00000000,0.00000000
2.518670,waiting_topics,0.000000,0.000000,0.000000,0.000000,0.000000,0.000000,0.000000,,,,,,,,,,,,,999.000,0,0,1.00000000,0.00000000,0.00000000,0.00000000
2.538722,waiting_topics,0.000000,0.000000,0.000000,0.000000,0.000000,0.000000,0.000000,,,,,,,,,,,,,999.000,0,0,1.00000000,0.00000000,0.00000000,0.00000000
2.558986,waiting_topics,0.000000,0.000000,0.000000,0.000000,0.000000,0.000000,0.000000,,,,,,,,,,,,,999.000,0,0,1.00000000,0.00000000,0.00000000,0.00000000
2.578802,waiting_topics,0.000000,0.000000,0.000000,0.000000,0.000000,0.000000,0.000000,,,,,,,,,,,,,999.000,0,0,1.00000000,0.00000000,0.00000000,0.00000000
2.599263,waiting_topics,0.000000,0.000000,0.000000,0.000000,0.000000,0.000000,0.000000,,,,,,,,,,,,,999.000,0,0,1.00000000,0.00000000,0.00000000,0.00000000
2.618784,waiting_topics,0.000000,0.000000,0.000000,0.000000,0.000000,0.000000,0.000000,,,,,,,,,,,,,999.000,0,0,1.00000000,0.00000000,0.00000000,0.00000000
2.639053,waiting_topics,0.000000,0.000000,0.000000,0.000000,0.000000,0.000000,0.000000,,,,,,,,,,,,,999.000,0,0,1.00000000,0.00000000,0.00000000,0.00000000
2.660670,waiting_topics,0.000000,0.000000,0.000000,0.000000,0.000000,0.000000,0.000000,,,,,,,,,,,,,999.000,0,0,1.00000000,0.00000000,0.00000000,0.00000000
2.678694,waiting_topics,0.000000,0.000000,0.000000,0.000000,0.000000,0.000000,0.000000,,,,,,,,,,,,,999.000,0,0,1.00000000,0.00000000,0.00000000,0.00000000
2.698640,waiting_topics,0.000000,0.000000,0.000000,0.000000,0.000000,0.000000,0.000000,,,,,,,,,,,,,999.000,0,0,1.00000000,0.00000000,0.00000000,0.00000000
2.718749,waiting_topics,0.000000,0.000000,0.000000,0.000000,0.000000,0.000000,0.000000,,,,,,,,,,,,,999.000,0,0,1.00000000,0.00000000,0.00000000,0.00000000
2.738048,waiting_topics,0.000000,0.000000,0.000000,0.000000,0.000000,0.000000,0.000000,12.856944,5.313350,7.346739,3.421804,1.412067,1.609962,-0.004106,0.085163,-0.023185,1.638084,1.342759,1.399384,0.006,0,0,0.02834068,-0.00799301,-0.02173216,0.99933009
2.758523,waiting_topics,0.000000,0.000000,0.000000,0.000000,0.000000,0.000000,0.000000,12.915490,5.338311,7.374463,3.431304,1.412899,1.609278,-0.005549,0.041725,0.000983,-0.320675,0.478122,0.274971,0.006,0,0,0.02835404,-0.00823180,-0.02185870,0.99932501
2.780009,waiting_topics,0.000000,0.000000,0.000000,0.000000,0.000000,0.000000,0.000000,13.003247,5.375427,7.416040,3.450185,1.415930,1.616329,0.055112,-0.039785,0.047339,0.963659,0.688648,0.619023,0.002,0,0,0.02814472,-0.00796519,-0.02163859,0.99933788
2.798676,waiting_topics,0.000000,0.000000,0.000000,0.000000,0.000000,0.000000,0.000000,13.053653,5.396853,7.439990,3.453941,1.426038,1.614538,0.024051,-0.035900,0.018278,0.406402,2.014884,-0.042250,0.006,0,0,0.02827631,-0.00796142,-0.02175447,0.99933168
2.819308,waiting_topics,0.000000,0.000000,0.000000,0.000000,0.000000,0.000000,0.000000,13.141802,5.434131,7.481752,3.471440,1.428961,1.621123,0.037350,-0.045161,0.016818,2.103610,-0.103156,0.858679,0.002,0,0,0.02832380,-0.00789947,-0.02170250,0.99933196
2.838356,waiting_topics,0.000000,0.000000,0.000000,0.000000,0.000000,0.000000,0.000000,13.192345,5.455623,7.505704,3.478408,1.428771,1.622571,-0.032090,0.019008,-0.039780,1.809014,-0.255988,1.482504,0.007,0,0,0.02818475,-0.00796531,-0.02177846,0.99933371
2.860052,waiting_topics,0.000000,0.000000,0.000000,0.000000,0.000000,0.000000,0.000000,13.281550,5.493574,7.547758,3.492280,1.433862,1.625739,0.029256,-0.085035,-0.009073,0.970559,-0.019895,0.451711,0.002,0,0,0.02814717,-0.00781713,-0.02179899,0.99933550
2.878797,waiting_topics,0.000000,0.000000,0.000000,0.000000,0.000000,0.000000,0.000000,13.332705,5.515483,7.571831,3.502018,1.439331,1.628701,-0.047002,0.008506,-0.041561,2.403481,-0.809934,1.867124,0.008,0,0,0.02833049,-0.00786871,-0.02169545,0.99933216
2.898720,move_forward,0.100000,-0.099826,0.005693,-0.001519,-0.099826,0.005693,-0.001519,13.396919,5.542881,7.601977,3.515684,1.449550,1.631739,-0.033237,0.044883,-0.009888,4.434028,1.223853,2.106955,0.007,1,1,0.02830616,-0.00822194,-0.02188434,0.99932589
2.918299,move_forward,0.100000,-0.099827,0.005672,-0.001542,-0.099827,0.005672,-0.001542,13.457122,5.568491,7.630155,3.521207,1.448611,1.630445,-0.013456,0.071364,0.028611,-1.512283,1.059661,0.132092,0.003,1,1,0.02819785,-0.00833557,-0.02190665,0.99932752
2.937997,move_forward,0.100000,-0.099829,0.005658,-0.001474,-0.099829,0.005658,-0.001474,13.539238,5.604189,7.668778,3.539639,1.459731,1.636987,-0.025688,0.056644,-0.004703,2.062338,0.962890,1.361584,0.007,1,1,0.02813625,-0.00798457,-0.02174065,0.99933575
2.959142,move_forward,0.100000,-0.099828,0.005695,-0.001394,-0.099828,0.005695,-0.001394,13.630383,5.643166,7.711218,3.557536,1.463023,1.629525,0.040187,-0.108830,-0.023536,0.974993,-0.478129,-0.512671,0.002,1,1,0.02833225,-0.00758444,-0.02155392,0.99933737
2.978325,move_forward,0.100000,-0.099827,0.005752,-0.001208,-0.099827,0.005752,-0.001208,13.691321,5.669187,7.739022,3.572004,1.454200,1.582459,0.567166,-0.068511,-0.084827,2.767833,-0.859472,-5.602033,0.007,1,1,0.02865967,-0.00655839,-0.01793729,0.99940676
2.998277,move_forward,0.100000,-0.099817,0.005956,-0.001021,-0.099817,0.005956,-0.001021,13.752561,5.695161,7.765574,3.581188,1.449422,1.481131,1.537848,-0.147237,-0.193630,1.293820,-0.454784,-6.145296,0.007,1,1,0.02976096,-0.00529706,-0.00634378,0.99952288
3.018353,move_forward,0.100000,-0.099768,0.006803,0.000106,-0.099768,0.006803,0.000106,13.835711,5.730010,7.798401,3.579416,1.440640,1.299681,2.138962,-0.603373,-0.376885,-1.583724,-2.237836,-10.723640,0.004,1,1,0.03402368,0.00108808,0.01635787,0.99928656
3.038453,move_forward,0.100000,-0.099708,0.007477,0.001553,-0.099708,0.007477,0.001553,13.918592,5.764524,7.826357,3.582917,1.424510,1.072101,1.409735,-0.718851,-0.209050,-0.046038,-1.118341,-16.639436,0.003,1,1,0.03711739,0.00906769,0.03480349,0.99866350
3.058425,move_forward,0.100000,-0.099651,0.007938,0.002570,-0.099651,0.007938,0.002570,13.967012,5.784592,7.840172,3.595256,1.404384,0.943951,0.857928,-0.784333,-0.341935,1.061003,-2.133120,-13.413142,0.008,1,1,0.03916350,0.01447619,0.04089492,0.99829067
3.078790,move_forward,0.100000,-0.099518,0.008968,0.003973,-0.099518,0.008968,0.003973,14.046328,5.816631,7.859056,3.583068,1.360955,0.744941,0.181017,-0.628351,-0.333442,0.998970,-2.356182,-12.328671,0.008,1,1,0.04394802,0.02189718,0.04509857,0.99777513
3.097985,move_forward,0.100000,-0.099378,0.009910,0.005072,-0.099378,0.009910,0.005072,14.125662,5.847747,7.873836,3.578089,1.320181,0.590075,-0.095033,-0.424185,-0.361323,-0.562813,-2.490006,-7.223075,0.003,1,1,0.04844421,0.02758411,0.04448816,0.99745330
3.118223,move_forward,0.100000,-0.099296,0.010426,0.005628,-0.099296,0.010426,0.005628,14.208267,5.879105,7.885875,3.572892,1.279447,0.460961,-0.206640,-0.206734,-0.209192,0.558165,-5.403919,-13.436028,0.002,1,1,0.05098053,0.03038072,0.04238251,0.99733732
3.139048,move_forward,0.100000,-0.099264,0.010601,0.005858,-0.099264,0.010601,0.005858,14.269213,5.901800,7.893022,3.559585,1.263602,0.392145,-0.152701,-0.123418,-0.056410,-0.411201,-2.298762,-5.023320,0.005,1,1,0.05187342,0.03146793,0.04037143,0.99734100
3.158046,move_forward,0.100000,-0.099202,0.011085,0.005999,-0.099202,0.011085,0.005999,14.330093,5.924062,7.899123,3.549482,1.251428,0.341744,-0.322943,-0.095335,-0.382962,-2.146203,0.162907,-4.925092,0.008,1,1,0.05434880,0.03215272,0.03804659,0.99727873
3.179313,move_forward,0.100000,-0.098993,0.012679,0.006302,-0.098993,0.012679,0.006302,14.421124,5.956910,7.906844,3.545787,1.214488,0.290342,-0.251551,-0.170824,-0.411168,-0.466986,-2.451245,-1.310079,0.002,1,1,0.06243250,0.03375657,0.03433429,0.99688707
3.199539,move_forward,0.100000,-0.098840,0.013757,0.006437,-0.098840,0.013757,0.006437,14.481693,5.978538,7.911340,3.542747,1.206791,0.265267,-0.342141,-0.146644,-0.648758,-0.166725,-1.286448,-0.856128,0.003,1,1,0.06793326,0.03443519,0.03141442,0.99660043
3.218601,move_forward,0.100000,-0.098681,0.014804,0.006545,-0.098681,0.014804,0.006545,14.559237,6.006218,7.916415,3.536921,1.197948,0.236078,-0.272899,-0.083531,-0.296229,-0.737397,0.236946,-1.358259,0.002,1,1,0.07328588,0.03496773,0.02884012,0.99628043
3.238194,move_forward,0.100000,-0.098650,0.014990,0.006589,-0.098650,0.014990,0.006589,14.619792,6.027526,7.920112,3.531116,1.184484,0.224882,-0.220208,-0.051317,-0.062268,-1.444260,0.248696,-1.128955,0.004,1,1,0.07427063,0.03510629,0.02734269,0.99624485
3.259160,move_forward,0.100000,-0.098564,0.015532,0.006628,-0.098564,0.015532,0.006628,14.684709,6.050907,7.923687,3.535559,1.177797,0.213077,-0.031419,-0.111320,-0.614572,-1.785000,-2.037783,-0.222780,0.009,1,1,0.07702246,0.03532827,0.02662387,0.99604750
3.279296,move_forward,0.100000,-0.098295,0.017072,0.006824,-0.098295,0.017072,0.006824,14.771165,6.081559,7.928273,3.545539,1.157757,0.204428,-0.035925,-0.212870,-0.534596,2.127740,0.068322,-0.440374,0.003,1,1,0.08476653,0.03657537,0.02699491,0.99536333
3.298549,move_forward,0.100000,-0.097969,0.018777,0.007031,-0.097969,0.018777,0.007031,14.831549,6.102353,7.931354,3.537376,1.154679,0.188029,0.012259,-0.207114,-1.199675,1.602683,-0.630678,-0.837930,0.005,1,1,0.09335306,0.03792648,0.02746388,0.99453131
3.319567,move_forward,0.100000,-0.097464,0.021157,0.007290,-0.097464,0.021157,0.007290,14.918021,6.132332,7.935312,3.518171,1.136948,0.183159,0.107246,-0.145684,-0.672718,-2.821703,-1.314167,0.044858,0.002,1,1,0.10539143,0.03965743,0.02791214,0.99324763
3.338281,move_forward,0.100000,-0.097368,0.021512,0.007528,-0.097368,0.021512,0.007528,14.978042,6.152249,7.938238,3.520300,1.124051,0.176668,0.145434,-0.090028,-0.038301,-1.789551,-0.961975,-0.686669,0.005,1,1,0.10715745,0.04094355,0.02813687,0.99300011
3.358225,move_forward,0.100000,-0.097269,0.021894,0.007712,-0.097269,0.021894,0.007712,15.037838,6.172029,7.941164,3.513018,1.120733,0.169520,0.172897,-0.119798,-0.405308,-0.645015,-0.455172,-1.697489,0.007,1,1,0.10908717,0.04191190,0.02795122,0.99275481
3.379920,move_forward,0.100000,-0.096871,0.023551,0.007833,-0.096871,0.023551,0.007833,15.123434,6.200613,7.945210,3.510139,1.110868,0.167329,-0.199665,-0.091155,-0.585900,0.172467,1.806608,-1.501724,0.002,1,1,0.11752324,0.04281535,0.02807510,0.99174943
3.398171,move_forward,0.100000,-0.096633,0.024476,0.007942,-0.096633,0.024476,0.007942,15.174659,6.217406,7.947589,3.504154,1.090225,0.179816,0.191192,-0.129005,-0.635420,-0.883634,-5.606040,4.054165,0.008,1,1,0.12220483,0.04362398,0.02884423,0.99112610
3.418083,move_forward,0.100000,-0.096450,0.025095,0.008221,-0.096450,0.025095,0.008221,15.255838,6.243892,7.951572,3.501051,1.083083,0.175102,-0.034233,-0.198156,-0.147885,0.527690,-2.335054,1.556949,0.004,1,1,0.12536317,0.04509048,0.02843903,0.99067762
3.438606,move_forward,0.100000,-0.096372,0.025303,0.008499,-0.096372,0.025303,0.008499,15.324306,6.266157,7.954966,3.498839,1.068766,0.176096,-0.148276,-0.222207,-0.048126,-0.133718,-0.642951,-0.127893,0.003,1,1,0.12639655,0.04652980,0.02841660,0.99048038
3.458985,move_forward,0.100000,-0.096291,0.025515,0.008778,-0.096291,0.025515,0.008778,15.383671,6.284912,7.957968,3.488664,1.071369,0.167843,-0.211375,-0.218930,-0.084084,0.426030,0.300215,-0.490350,0.008,1,1,0.12747141,0.04793017,0.02802679,0.99028695
3.480037,move_forward,0.100000,-0.096155,0.025885,0.009172,-0.096155,0.025885,0.009172,15.472419,6.312769,7.962643,3.480277,1.057205,0.167952,0.207357,-0.144530,-0.151218,0.163100,-0.998970,0.256700,0.002,1,1,0.12928691,0.05008534,0.02878221,0.98992320
3.498152,move_forward,0.100000,-0.095944,0.026597,0.009352,-0.095944,0.026597,0.009352,15.522992,6.328508,7.965566,3.458196,1.025280,0.184748,0.246036,-0.132872,-0.711955,-0.742198,-0.196337,0.119705,0.004,1,1,0.13286692,0.05126945,0.02984304,0.98935697
3.518533,move_forward,0.100000,-0.095540,0.027876,0.009751,-0.095540,0.027876,0.009751,15.611506,6.355649,7.970516,3.463627,1.021635,0.174089,-0.021232,-0.246425,-0.296559,1.528899,0.099798,-0.844559,0.002,1,1,0.13941810,0.05351580,0.02967932,0.98834093
3.537997,move_forward,0.100000,-0.095483,0.027963,0.010057,-0.095483,0.027963,0.010057,15.670334,6.373585,7.973811,3.447087,1.014636,0.176689,0.070508,-0.257159,-0.015028,-0.443899,-0.108887,0.105940,0.004,1,1,0.13980188,0.05515707,0.03019871,0.98818074
3.558849,move_forward,0.100000,-0.095360,0.028270,0.010355,-0.095360,0.028270,0.010355,15.729199,6.391541,7.977133,3.436336,0.994983,0.182841,0.165956,-0.196767,-0.300014,-0.901294,-1.593700,1.236480,0.007,1,1,0.14134296,0.05675671,0.03037347,0.98786553
3.579305,move_forward,0.100000,-0.094928,0.029575,0.010676,-0.094928,0.029575,0.010676,15.825848,6.421100,7.982597,3.427016,0.990427,0.171479,-0.158520,-0.151909,-0.377261,0.560228,1.884128,-2.491271,0.002,1,1,0.14804058,0.05867680,0.03054574,0.98676643
3.599008,move_forward,0.100000,-0.094641,0.030416,0.010864,-0.094641,0.030416,0.010864,15.884638,6.438697,7.985819,3.419207,0.985968,0.166290,-0.044276,-0.120629,-0.493896,-0.321253,1.277502,-1.896572,0.002,1,1,0.15231032,0.05998525,0.03169179,0.98600150
3.618158,move_forward,0.100000,-0.094420,0.031027,0.011052,-0.094420,0.031027,0.011052,15.939507,6.455327,7.988884,3.411978,0.959039,0.177451,0.094825,-0.165332,-0.394604,-0.919630,-1.538703,-0.559978,0.006,1,1,0.15537112,0.06130893,0.03317107,0.98539368
3.638225,move_forward,0.100000,-0.094213,0.031570,0.011280,-0.094213,0.031570,0.011280,15.997833,6.472556,7.991830,3.405767,0.951026,0.175615,0.150630,-0.171558,-0.315616,-0.528571,-3.185376,1.479820,0.008,1,1,0.15817441,0.06257908,0.03306593,0.98487124
3.658364,move_forward,0.100000,-0.093769,0.032726,0.011675,-0.093769,0.032726,0.011675,16.085131,6.497710,7.996068,3.383873,0.941080,0.168008,0.299355,-0.194974,-0.775855,-1.529731,-1.057978,-0.183795,0.003,1,1,0.16412286,0.06493660,0.03355220,0.98372820
3.678703,move_forward,0.100000,-0.093411,0.033684,0.011826,-0.093411,0.033684,0.011826,16.143171,6.514229,7.998783,3.368028,0.932714,0.166927,0.239239,-0.152608,-0.463345,-3.112134,-1.818234,0.811368,0.007,1,1,0.16909175,0.06598876,0.03386279,0.98280556
3.699658,move_forward,0.100000,-0.092542,0.035944,0.011997,-0.092542,0.035944,0.011997,16.229099,6.537288,8.002355,3.359468,0.906847,0.158673,0.164368,-0.171173,-1.261505,0.612851,-3.060299,0.335784,0.002,1,1,0.18084911,0.06769026,0.03532401,0.98054263
3.718087,move_forward,0.100000,-0.091997,0.037283,0.012103,-0.091997,0.037283,0.012103,16.286026,6.551874,8.004444,3.350354,0.894750,0.148481,0.074656,-0.069054,-0.565927,-0.068909,-1.715969,-0.612730,0.005,1,1,0.18784174,0.06877286,0.03630535,0.97911577
3.738234,move_forward,0.100000,-0.091872,0.037504,0.012365,-0.091872,0.037504,0.012365,16.342615,6.565433,8.006301,3.334455,0.886535,0.141914,-0.121113,-0.103279,-0.035395,0.870821,4.788331,-7.483943,0.005,1,1,0.18902069,0.07006919,0.03575673,0.97881712
3.758911,move_forward,0.100000,-0.091554,0.038174,0.012671,-0.091554,0.038174,0.012671,16.418327,6.581592,8.008054,3.311084,0.843063,0.146460,-0.241848,-0.150980,-0.686676,-0.962479,0.469633,-0.334678,0.002,1,1,0.19251415,0.07188817,0.03610044,0.97799139
3.780276,move_forward,0.100000,-0.090934,0.039584,0.012812,-0.090934,0.039584,0.012812,16.493637,6.596228,8.009401,3.287945,0.786373,0.152957,0.158744,-0.104143,-0.685966,-1.200244,-2.823957,1.573125,0.002,1,1,0.19984557,0.07342987,0.03818642,0.97632556
3.798165,move_forward,0.100000,-0.090292,0.041033,0.012793,-0.090292,0.041033,0.012793,16.544634,6.603312,8.009394,3.276596,0.757797,0.139386,-0.089918,-0.081517,-1.188368,1.307525,-2.246020,-5.188775,0.004,1,1,0.20756875,0.07386823,0.03869185,0.97465975
3.818066,move_forward,0.100000,-0.089668,0.042368,0.012832,-0.089668,0.042368,0.012832,16.603052,6.611135,8.009507,3.256706,0.717369,0.141589,-0.216812,-0.179141,-0.458242,2.441315,-1.069309,-2.744631,0.004,1,1,0.21468071,0.07466093,0.03952225,0.97302411
3.838154,move_forward,0.100000,-0.089490,0.042615,0.013245,-0.089490,0.042615,0.013245,16.672613,6.620394,8.010305,3.220769,0.682294,0.136749,-0.232288,-0.230263,0.005091,-1.382701,0.973334,-1.749034,0.004,1,1,0.21599412,0.07677907,0.03912359,0.97258463
3.860137,move_forward,0.100000,-0.089349,0.042771,0.013691,-0.089349,0.042771,0.013691,16.745632,6.629735,8.011168,3.192413,0.624400,0.148213,0.218408,-0.150618,-0.111262,-1.543753,-3.202844,0.602677,0.002,1,1,0.21673164,0.07926934,0.03973759,0.97219581
3.878328,move_forward,0.100000,-0.089217,0.042948,0.013996,-0.089217,0.042948,0.013996,16.791281,6.635340,8.011843,3.165909,0.632986,0.136859,0.235326,-0.130082,-0.144310,-1.065823,-0.629080,-0.048003,0.003,1,1,0.21770954,0.08074604,0.03903372,0.97188425
3.898707,move_forward,0.100000,-0.088410,0.044513,0.014219,-0.088410,0.044513,0.014219,16.862865,6.643706,8.013170,3.125245,0.575361,0.151739,0.017956,-0.080873,-1.177894,-1.163677,-2.267816,-0.290772,0.002,1,1,0.22610136,0.08261916,0.03993279,0.96977194
3.918093,move_forward,0.100000,-0.087629,0.045981,0.014388,-0.087629,0.045981,0.014388,16.915302,6.649570,8.014305,3.107706,0.557939,0.152803,-0.149642,-0.185004,-0.683877,-2.021171,-0.699744,0.667366,0.005,1,1,0.23408185,0.08404133,0.04012418,0.96774625
3.938336,move_forward,0.100000,-0.087443,0.046225,0.014728,-0.087443,0.046225,0.014728,16.985769,6.655880,8.015374,3.076892,0.514191,0.158105,0.128506,-0.194849,0.028303,-2.364851,-2.703550,1.625052,0.004,1,1,0.23532603,0.08605060,0.04076638,0.96724095
3.958253,move_forward,0.100000,-0.087125,0.046755,0.014939,-0.087125,0.046755,0.014939,17.029625,6.659153,8.015956,3.057459,0.515607,0.143380,0.068878,-0.150997,-0.591109,-1.645893,-2.523166,-0.619534,0.007,1,1,0.23825763,0.08721814,0.04026779,0.96643924
3.979261,move_forward,0.100000,-0.086422,0.047937,0.015272,-0.086422,0.047937,0.015272,17.106188,6.664840,8.017450,3.020772,0.466790,0.146975,-0.117957,-0.171279,-0.340885,-0.811772,-0.841779,-1.192338,0.002,1,1,0.24467221,0.08957476,0.04105109,0.96458627
3.998469,move_forward,0.100000,-0.085915,0.048786,0.015448,-0.085915,0.048786,0.015448,17.156858,6.667937,8.018274,2.995486,0.441964,0.149813,-0.006345,-0.180948,-0.688413,-0.954881,-0.598639,-1.375217,0.003,1,1,0.24929851,0.09097836,0.04168844,0.96324206
4.018422,move_forward,0.100000,-0.085411,0.049599,0.015651,-0.085411,0.049599,0.015651,17.207096,6.670870,8.019146,2.967607,0.416095,0.157341,0.058579,-0.204404,-0.401905,-2.597109,-1.587451,0.203900,0.009,1,1,0.25378698,0.09239740,0.04186692,0.96192622
4.038372,move_forward,0.100000,-0.085217,0.049828,0.015976,-0.085217,0.049828,0.015976,17.264000,6.671949,8.019190,2.945250,0.398025,0.145481,0.155071,-0.215530,-0.068538,-1.110111,-0.629144,-0.355254,0.005,1,1,0.25507853,0.09406939,0.04140155,0.96144256
4.058807,move_forward,0.100000,-0.084840,0.050301,0.016493,-0.084840,0.050301,0.016493,17.338051,6.674763,8.020309,2.909453,0.371608,0.149698,-0.268645,-0.257556,-0.412978,-0.814141,0.275116,-0.538592,0.002,1,1,0.25779723,0.09665566,0.04024086,0.96050973
4.078544,move_forward,0.100000,-0.084442,0.050872,0.016781,-0.084442,0.050872,0.016781,17.387066,6.676139,8.020854,2.880331,0.356292,0.148689,-0.094524,-0.234175,-0.327304,-2.008476,2.743708,-2.275071,0.006,1,1,0.26090065,0.09859886,0.04099076,0.95944196
4.098316,move_forward,0.100000,-0.083657,0.052088,0.016982,-0.083657,0.052088,0.016982,17.435678,6.677172,8.021161,2.850600,0.331540,0.155230,0.209835,-0.248028,-1.098309,-2.264293,0.370200,-0.732032,0.008,1,1,0.26761916,0.10047980,0.04215947,0.95734339
4.118610,move_forward,0.100000,-0.082313,0.054164,0.017055,-0.082313,0.054164,0.017055,17.497334,6.677703,8.021375,2.821324,0.313325,0.149602,-0.074362,-0.206084,-0.730277,-2.253070,1.486698,-1.297824,0.006,1,1,0.27937924,0.10190020,0.04265557,0.95380506
4.139467,move_forward,0.100000,-0.081968,0.054468,0.017734,-0.081968,0.054468,0.017734,17.568552,6.679183,8.021976,2.777493,0.287525,0.151890,-0.249382,-0.399657,0.024365,-1.795468,-2.295255,-0.086630,0.002,1,1,0.28113372,0.10547070,0.04210524,0.95292545
4.159018,move_forward,0.100000,-0.081884,0.054427,0.018243,-0.081884,0.054427,0.018243,17.615862,6.679742,8.022205,2.753991,0.274650,0.153298,-0.030639,-0.322945,0.003409,-1.843306,2.058784,-0.530295,0.005,1,1,0.28081177,0.10829082,0.04256789,0.95268349
4.178607,move_forward,0.100000,-0.081661,0.054602,0.018712,-0.081661,0.054602,0.018712,17.662073,6.680112,8.022193,2.721389,0.249250,0.152822,0.208308,-0.290735,-0.099153,-2.534468,-2.822721,0.762153,0.008,1,1,0.28185177,0.11070434,0.04201978,0.95212314
4.198607,move_forward,0.100000,-0.080728,0.055927,0.018847,-0.080728,0.055927,0.018847,17.711351,6.678702,8.020869,2.694120,0.241929,0.150793,0.296089,-0.184058,-1.206144,-0.928329,-1.529240,0.912923,0.009,1,1,0.28943237,0.11220122,0.04255954,0.94964650
4.219397,move_forward,0.100000,-0.078992,0.058376,0.018776,-0.078992,0.058376,0.018776,17.785864,6.676030,8.018028,2.652752,0.219085,0.144039,0.089911,-0.079251,-1.031640,-0.444858,-3.937966,-3.582555,0.002,1,1,0.30352581,0.11363789,0.04449048,0.94497572
4.238351,move_forward,0.100000,-0.078221,0.059398,0.018797,-0.078221,0.059398,0.018797,17.814890,6.674749,8.016623,2.628795,0.213201,0.139713,0.001730,-0.209043,-1.333466,-2.433509,-0.597698,-0.439463,0.011,1,1,0.30952139,0.11441956,0.04491418,0.94291431
4.258768,move_forward,0.100000,-0.075692,0.062673,0.018513,-0.075692,0.062673,0.018513,17.884016,6.675732,8.015778,2.580634,0.201854,0.132577,-0.051770,-0.127074,-1.729553,-1.209105,-0.684858,-2.274678,0.004,1,1,0.32882283,0.11581857,0.04818232,0.93602354
4.280295,move_forward,0.100000,-0.073493,0.065296,0.018310,-0.073493,0.065296,0.018310,17.942829,6.677700,8.016391,2.519932,0.188448,0.150310,0.291100,-0.197864,-1.110685,-3.567848,-0.939801,1.121760,0.003,1,1,0.34457999,0.11747583,0.05136071,0.92996029
4.298679,move_forward,0.100000,-0.073075,0.065768,0.018292,-0.073075,0.065768,0.018292,17.957922,6.677656,8.015994,2.503095,0.182847,0.155775,-0.103203,-0.195413,-1.275000,-0.938297,-0.312156,0.304538,0.003,1,1,0.34752989,0.11767085,0.05132113,0.92883943
